cluster_id,clickbait_element,main_fact,new_title,hype_score,category,original_title,original_link
0,killing the old HomeKit,"Apple will end support for the original HomeKit architecture on February 10, 2026.","Apple to end support for original HomeKit on February 10, 2026.",7,Technology,Apple is killing the old HomeKit tomorrow,https://www.theverge.com/tech/875859/apple-is-killing-the-old-homekit-tomorrow
1,dropped the ball,AI-generated ads were prevalent but not well-received at the Super Bowl.,AI-generated ads were prevalent at the Super Bowl.,6,Advertising,AI-generated ads dropped the ball at this year&#8217;s Super Bowl,https://www.theverge.com/entertainment/875886/super-bowl-2026-ai-generated-ads-were-terrible
2,old-school charm,Ferrari's first electric vehicle features analogue dials and aluminum switches.,Ferrari's first EV features analogue dials and aluminum switches,6,Automotive,Ive and Newson bring old-school charm to Ferrari's first EV interior,https://arstechnica.com/cars/2026/02/ive-and-newson-bring-old-school-charm-to-ferraris-first-ev-interior/
3,cheapest price so far,The Pixel 9A is priced at $349 for the 128GB version.,Google Pixel 9A available for $349 at Amazon and Best Buy,6,Technology,"Google’s Pixel 9A is back down to $349, its cheapest price so far",https://www.theverge.com/gadgets/875742/google-pixel9a-switch-2-case-netgear-gigabit-deal-sale
4,reveal ANC upgrades,Sony's new WF-1000XM6 earbuds specifications have been leaked.,Specifications for Sony's WF-1000XM6 earbuds leaked,6,Technology,Leaked specs for Sony’s next flagship wireless earbuds reveal ANC upgrades,https://www.theverge.com/tech/875782/sony-wf-1000xm6-earbuds-spec-leak
5,arrives with a teaser,Linux 6.19 has been released by Linus Torvalds.,Linux 6.19 released as final update of kernel cycle.,6,Technology,Linux 6.19 arrives with a teaser for Linux 7.0,https://www.theverge.com/tech/875784/linux-kernel-7-0-announced
6,introduces cheaper bundles,YouTube TV is launching a sports-focused package for $64.99/month.,YouTube TV launches sports package priced at $64.99 per month.,2,Business,YouTube TV’s sports-focused package will cost $64.99 / month,https://www.theverge.com/news/875751/youtube-tv-custom-channel-packages-pricing
7,mission to automate everything,Siemens CEO Roland Busch discusses the company's automation technologies.,Siemens CEO Roland Busch discusses automation technologies,6,Business,Siemens CEO Roland Busch’s mission to automate everything,https://www.theverge.com/podcast/875233/siemens-ceo-roland-busch-ai-automation-digital-twins-nato-tariffs
8,starts testing ads,OpenAI is testing ads in ChatGPT for certain users.,OpenAI tests advertisements in ChatGPT for selected users.,6,Technology,OpenAI starts testing ads in ChatGPT,https://www.engadget.com/ai/openai-starts-testing-ads-in-chatgpt-191756493.html?src=rss
9,roll out age verification next month,Discord will implement age verification for users.,Discord to implement age verification for users.,5,Technology,Discord to roll out age verification next month for full access to its platform,https://techcrunch.com/2026/02/09/discord-to-roll-out-age-verification-next-month-for-full-access-to-its-platform/
10,what’s going on,"Musicboard is not shutting down, but users are concerned.",Musicboard confirms it is not shutting down.,6,Business,"So, what’s going on with Musicboard?",https://techcrunch.com/2026/02/09/so-whats-going-on-with-musicboard/
11,reportedly raising at $11B valuation,Harvey is raising funds at a valuation of $11 billion after previously being valued at $8 billion.,Harvey raising funds at $11 billion valuation,6,Business,Harvey reportedly raising at $11B valuation just months after it hit $8B,https://techcrunch.com/2026/02/09/harvey-reportedly-raising-at-11b-valuation-just-months-after-it-hit-8b/
12,departures,"Workday CEO Eschenbach has left the company, and co-founder Aneel Bhusri is returning as CEO.",Aneel Bhusri returns as CEO of Workday after Eschenbach's departure,5,Business,"Workday CEO Eschenbach departs, with co-founder Aneel Bhusri returning as CEO",https://techcrunch.com/2026/02/09/workday-ceo-eschenbach-departs-with-co-founder-aneel-bhusri-returning-as-ceo/
13,opens its ride-hailing app to teens,Lyft has introduced a service for teenagers with parental controls.,Lyft introduces ride-hailing service for teenagers,4,Transportation,Lyft opens its ride-hailing app to teens,https://techcrunch.com/2026/02/09/lyft-opens-its-ride-hailing-app-to-teens/
14,"Hacked, leaked, exposed",At least 27 stalkerware companies have been hacked or leaked data since 2017.,27 Stalkerware Companies Have Experienced Data Breaches Since 2017,7,Technology,"Hacked, leaked, exposed: Why you should never use stalkerware apps",https://techcrunch.com/2026/02/09/hacked-leaked-exposed-why-you-should-stop-using-stalkerware-apps/
15,closes in on,Anthropic is seeking to raise $20 billion in funding.,Anthropic seeks to raise $20 billion in funding.,6,Business,Anthropic closes in on $20B round,https://techcrunch.com/2026/02/09/anthropic-closes-in-on-20b-round/
16,Ex-Googlers,InfiniMind is building enterprise AI for video data analysis.,Former Google leaders create AI for video data analysis,5,Technology,Ex-Googlers are building infrastructure to help companies understand their video data,https://techcrunch.com/2026/02/09/ex-googlers-are-building-infrastructure-to-help-companies-understand-their-video-data/
17,now lets you inform others,Snapchat has introduced a feature for users to send arrival notifications.,Snapchat introduces arrival notification feature for users.,6,Technology,Snapchat now lets you inform others when you have arrived at your destination,https://techcrunch.com/2026/02/09/snapchat-now-lets-you-inform-others-when-you-have-arrived-at-your-destination/
18,Hacktivist,"Over 500,000 stalkerware customers' payment records were published online.","Over 500,000 stalkerware customers' payment records published online",6,Cybersecurity,"Hacktivist scrapes over 500,000 stalkerware customers’ payment records",https://techcrunch.com/2026/02/09/hacktivist-scrapes-over-500000-stalkerware-customers-payment-records/
19,,Uber is acquiring Getir's food delivery business for $335 million.,Uber acquires Getir's food delivery business for $335 million,2,Business,Uber to buy delivery arm of Turkey’s Getir,https://techcrunch.com/2026/02/09/uber-to-buy-delivery-arm-of-turkeys-getir/
20,,TechCrunch is inviting speakers for the Founder Summit 2026.,TechCrunch Founder Summit 2026 seeks speakers for roundtable discussions.,2,Event Announcement,Call for speakers: TechCrunch Founder Summit 2026,https://techcrunch.com/2026/02/09/call-for-speakers-techcrunch-founder-summit-2026/
21,The battle begins,Nominations for TechCrunch Startup Battlefield 200 are open.,Nominations for TechCrunch Startup Battlefield 200 are open,6,Business,The battle begins: 2026 Startup Battlefield 200 nominations are open,https://techcrunch.com/2026/02/09/the-battle-begins-startup-battlefield-200-nominations-are-open/
22,‘curious’ warehouse drones,Gather AI has secured $40 million in funding.,Gather AI secures $40 million in funding led by Smith Point Capital.,6,Business,"Gather AI, maker of ‘curious’ warehouse drones, lands $40M led by Keith Block’s firm",https://techcrunch.com/2026/02/09/gather-ai-maker-of-curious-warehouse-drones-lands-40m-led-by-keith-blocks-firm/
23,stumbles,Box office sales for Amazon’s 'Melania' fell 67% in its second weekend.,Amazon’s 'Melania' documentary sees 67% drop in second weekend box office sales,6,Entertainment,Amazon’s ‘Melania’ documentary stumbles in second weekend,https://techcrunch.com/2026/02/08/amazons-melania-documentary-stumbles-in-second-weekend/
24,$70M bet,Crypto.com purchased the AI.com domain for $70 million.,Crypto.com purchases AI.com domain for $70 million,6,Business,Crypto.com places $70M bet on AI.com domain ahead of Super Bowl,https://techcrunch.com/2026/02/08/crypto-com-places-70m-bet-on-ai-com-domain-ahead-of-super-bowl/
25,"Okay, I’m slightly less mad",The author expresses a change in opinion about the AI project.,Author expresses mixed feelings about AI project for 'Magnificent Ambersons'.,6,Entertainment,"Okay, I’m slightly less mad about that ‘Magnificent Ambersons’ AI project",https://techcrunch.com/2026/02/08/okay-im-slightly-less-mad-about-that-magnificent-ambersons-ai-project/
26,Is $16B enough,$16 billion is being discussed in relation to building a profitable robotaxi business.,$16 billion discussed for robotaxi business profitability.,6,Transportation,TechCrunch Mobility: Is $16B enough to build a profitable robotaxi business?,https://techcrunch.com/2026/02/08/techcrunch-mobility-is-16b-enough-to-build-a-profitable-robotaxi-business/
27,pro-billionaire march draws dozens,A march supporting California’s billionaires had a small turnout.,March supporting California billionaires has low attendance,6,Politics,San Francisco’s pro-billionaire march draws dozens,https://techcrunch.com/2026/02/08/san-franciscos-pro-billionaire-march-draws-dozens/
28,"still angry about COVID, wants a second scientific revolution",The head of NIH is advocating for significant changes in scientific research.,NIH head advocates for changes in scientific research,6,Health,"NIH head, still angry about COVID, wants a second scientific revolution",https://arstechnica.com/science/2026/02/nih-head-still-angry-about-covid-wants-a-second-scientific-revolution/
29,Could it be... aliens?,A Super Bowl trailer for Disclosure Day was released.,Disclosure Day Super Bowl trailer released.,7,Entertainment,Disclosure Day Super Bowl trailer: Could it be... aliens?,https://arstechnica.com/culture/2026/02/disclosure-day-super-bowl-trailer-could-it-be-aliens/
30,Imminent,"Apple is planning updates for MacBook Pro, iPads, and iPhone 17e.","Apple plans updates for MacBook Pro, iPads, and iPhone 17e.",5,Technology,"Report: Imminent Apple hardware updates include MacBook Pro, iPads, and iPhone 17e",https://arstechnica.com/gadgets/2026/02/report-imminent-apple-hardware-updates-include-macbook-pro-ipads-and-iphone-17e/
31,pivoting to focus on a moon base before Mars,SpaceX is shifting its focus from Mars to a lunar base.,SpaceX shifts focus from Mars to lunar base development,7,Space Exploration,SpaceX is pivoting to focus on a moon base before Mars,https://www.engadget.com/science/space/spacex-is-pivoting-to-focus-on-a-moon-base-before-mars-141851264.html?src=rss
32,Yes please,A final trailer for Project Hail Mary has been released.,Final trailer for Project Hail Mary released.,6,Entertainment,A Project Hail Mary final trailer? Yes please.,https://arstechnica.com/culture/2026/02/a-project-hail-mary-final-trailer-yes-please/
33,collapses,The Environmental Protection Agency has drastically pulled back on holding polluters accountable.,EPA reduces enforcement of environmental laws under Trump administration,7,Environment,"Under Trump, EPA’s enforcement of environmental laws collapses, report finds",https://arstechnica.com/science/2026/02/under-trump-epas-enforcement-of-environmental-laws-collapses-report-finds/
34,created a new C compiler,Sixteen Claude AI agents compiled a Linux kernel with significant human management.,Sixteen Claude AI agents compiled a Linux kernel.,6,Technology,Sixteen Claude AI agents working together created a new C compiler,https://arstechnica.com/ai/2026/02/sixteen-claude-ai-agents-working-together-created-a-new-c-compiler/
35,Penisgate erupts; scandal exposes risks of bulking your bulge,Claims of penis injections in ski jumpers have emerged.,Claims of penis injections in ski jumpers reported,8,Sports,Penisgate erupts at Olympics; scandal exposes risks of bulking your bulge,https://arstechnica.com/health/2026/02/penisgate-erupts-at-olympics-scandal-exposes-risks-of-bulking-your-budge/
36,most overwrought AI legal filings you will ever gaze upon,A judge dismissed a case involving AI legal filings.,Judge dismisses case related to AI legal filings,7,Legal,Lawyer sets new standard for abuse of AI; judge tosses case,https://arstechnica.com/tech-policy/2026/02/randomly-quoting-ray-bradbury-did-not-save-lawyer-from-losing-case-over-ai-errors/
37,Malicious packages,dYdX cryptocurrency exchange has experienced theft incidents.,dYdX cryptocurrency exchange targeted by thieves multiple times,6,Cryptocurrency,Malicious packages for dYdX cryptocurrency exchange empties user wallets,https://arstechnica.com/security/2026/02/malicious-packages-for-dydx-cryptocurrency-exchange-empties-user-wallets/
38,death sentence,"Analysts expect Valve might be hit particularly hard by soaring RAM, storage prices.",Analysts predict impact of rising RAM and storage prices on Valve.,7,Business,"Why $700 could be a ""death sentence"" for the Steam Machine",https://arstechnica.com/gaming/2026/02/why-a-bump-to-700-could-be-a-death-sentence-for-the-steam-machine/
39,supercharged methane emissions,COVID-19 led to reduced pollution and lower levels of a methane-destroying chemical.,COVID-19 reduced pollution and affected methane levels.,6,Environment,COVID-19 cleared the skies but also supercharged methane emissions,https://arstechnica.com/science/2026/02/covid-19-cleared-the-skies-but-also-supercharged-methane-emissions/
40,,Waymo is using Genie 3 to improve self-driving car technology.,Waymo uses Genie 3 for self-driving car world model development,2,Technology,Waymo leverages Genie 3 to create a world model for self-driving cars,https://arstechnica.com/google/2026/02/waymo-leverages-genie-3-to-create-a-world-model-for-self-driving-cars/
41,eternal debate,A new job posting indicates a shift towards reusing GS2.,Job posting suggests renewed interest in reusing GS2.,6,Aerospace,To reuse or not reuse—the eternal debate of New Glenn's second stage reignites,https://arstechnica.com/space/2026/02/to-reuse-or-not-reuse-the-eternal-debate-of-new-glenns-second-stage-reignites/
42,raises the bar for supercars,"The 2026 Lamborghini Temerario is a V8 hybrid with over 900 hp, replacing the V10 Huracán.",2026 Lamborghini Temerario is a V8 hybrid with over 900 hp,7,Automotive,Driven: The 2026 Lamborghini Temerario raises the bar for supercars,https://arstechnica.com/cars/2026/02/driven-the-2026-lamborghini-temerario-raises-the-bar-for-supercars/
43,debunks claim,A critique challenges a study about trees sensing solar eclipses.,Critique challenges study on trees and solar eclipses,6,Science,New critique debunks claim that trees can sense a solar eclipse,https://arstechnica.com/science/2026/02/new-critique-debunks-claim-that-trees-can-sense-a-solar-eclipse/
44,swallows $26 billion costs,Stellantis incurs $26 billion in costs while adjusting its EV strategy.,Stellantis incurs $26 billion in costs while adjusting EV strategy,7,Business,Stellantis swallows $26 billion costs as it rethinks its EV strategy,https://arstechnica.com/cars/2026/02/stellantis-swallows-26-billion-costs-as-it-rethinks-its-ev-strategy/
45,what it would take to 'store',NASA shall evaluate the viability of transferring the ISS to a safe orbital harbor after retirement.,NASA to evaluate options for ISS post-retirement storage.,6,Space,"Lawmakers ask what it would take to ""store"" the International Space Station",https://arstechnica.com/space/2026/02/congress-advances-bill-requiring-nasa-to-reconsider-deorbiting-space-station/
46,"explores ""outer"" outer space with Henson's Fraggles",NASA is collaborating with Henson's Fraggles for a stage show.,NASA collaborates with Henson's Fraggles for a stage show.,6,Science,"NASA stage show explores ""outer"" outer space with Henson's Fraggles",https://arstechnica.com/space/2026/02/nasa-stage-show-explores-outer-outer-space-with-hensons-fraggles/
47,everything else you need to know about the Winter Games,"The 2026 Winter Olympics will be held in Milan and Cortina, Italy.",2026 Winter Olympics Schedule and Viewing Information,6,Sports,"Olympics 2026: How to watch, full schedule of events, and everything else you need to know about the Winter Games",https://www.engadget.com/entertainment/olympics-2026-how-to-watch-full-schedule-of-events-and-everything-else-you-need-to-know-about-the-winter-games-172409424.html?src=rss
48,creepy,Ring's Search Party feature can be disabled through the app.,Instructions to disable Ring's Search Party feature,6,Technology,Here's how to disable Ring's creepy Search Party feature,https://www.engadget.com/big-tech/heres-how-to-disable-rings-creepy-search-party-feature-185420455.html?src=rss
49,Get two years of NordVPN's Complete plan for 70 percent off,NordVPN is offering a 70% discount on its two-year Complete plan.,NordVPN offers 70% discount on two-year Complete plan,6,Technology,Get two years of NordVPN's Complete plan for 70 percent off,https://www.engadget.com/deals/get-two-years-of-nordvpns-complete-plan-for-70-percent-off-123000727.html?src=rss
50,best,A list of recommended microSD cards for 2026.,Recommended microSD cards for 2026,5,Technology,The best microSD cards in 2026,https://www.engadget.com/computing/accessories/best-microsd-card-130038282.html?src=rss
51,all-time low,The iPhone Air MagSafe battery pack is on sale for $79.,iPhone Air MagSafe battery pack available for $79.,6,Technology,Grab Apple's iPhone Air MagSafe battery while it's down to an all-time low,https://www.engadget.com/deals/grab-apples-iphone-air-magsafe-battery-while-its-down-to-an-all-time-low-144516211.html?src=rss
52,best tech deals to shop early,Presidents' Day sales include discounts on various tech products.,Presidents' Day 2026 tech sales and discounts,6,Sales/Deals,"Presidents' Day sales 2026: The best tech deals to shop early from Apple, Sony, Samsung and others",https://www.engadget.com/deals/presidents-day-sales-2026-the-best-tech-deals-to-shop-early-from-apple-sony-samsung-and-others-163000034.html?src=rss
53,drops to only $68,"Apple's Magic Mouse is on sale for $68, down from $79.",Apple's Magic Mouse priced at $68,6,Technology,Apple's Magic Mouse drops to only $68,https://www.engadget.com/deals/apples-magic-mouse-drops-to-only-68-152708721.html?src=rss
54,"Everything we know so far, including the leaked foldable design, upgrades, price and more",Apple is rumored to be planning a foldable iPhone launch in 2026.,Rumors suggest Apple may launch a foldable iPhone in 2026.,7,Technology,"iPhone Fold rumors: Everything we know so far, including the leaked foldable design, upgrades, price and more",https://www.engadget.com/mobile/smartphones/iphone-fold-rumors-everything-we-know-so-far-including-the-leaked-foldable-design-upgrades-price-and-more-130000217.html?src=rss
55,first,The first PlayStation State of Play livestream of 2026 has been announced.,"PlayStation State of Play scheduled for February 12, 2026.",4,Gaming,The first PlayStation State of Play of 2026 will air on February 12,https://www.engadget.com/gaming/playstation/the-first-playstation-state-of-play-of-2026-will-air-on-february-12-145747775.html?src=rss
56,finally,HBO Max is launching in the UK and Ireland.,HBO Max will launch in the UK and Ireland on March 26.,6,Entertainment,HBO Max is finally coming to the UK and Ireland,https://www.engadget.com/entertainment/streaming/hbo-max-is-finally-coming-to-the-uk-and-ireland-145126162.html?src=rss
57,record-low price,"The Apple Watch Series 11 is on sale for $299, which is $100 off.","Apple Watch Series 11 available for $299, $100 discount",6,Technology,Pick up the Apple Watch Series 11 while it's down to a record-low price,https://www.engadget.com/deals/pick-up-the-apple-watch-series-11-while-its-down-to-a-record-low-price-151616994.html?src=rss
58,on sale for $64,A four-pack of first-gen AirTags is available for $64.,Four-pack of first-gen AirTags priced at $64,4,Technology,A four-pack of first-gen AirTags is on sale for $64,https://www.engadget.com/deals/a-four-pack-of-first-gen-airtags-is-on-sale-for-64-163619122.html?src=rss
59,latest,Anker has released a 45W Nano charger for $30.,Anker 45W Nano charger with smart display priced at $30,5,Technology,Anker's latest 45W Nano charger with smart display drops to $30,https://www.engadget.com/deals/ankers-latest-45w-nano-charger-with-smart-display-drops-to-30-160707575.html?src=rss
60,Get 33 percent off,Samsung's 512GB microSD Express card is on sale for $80.,Samsung 512GB microSD Express card priced at $80.,6,Technology,Get 33 percent off Samsung's 512GB microSD Express card right now,https://www.engadget.com/deals/get-33-percent-off-samsungs-512gb-microsd-express-card-right-now-143849525.html?src=rss
61,tells,The EU is requesting that Meta allow competitors to run AI chatbots on WhatsApp.,EU requests Meta to allow AI chatbots from competitors on WhatsApp,5,Technology,EU tells Meta to let rivals run AI chatbots on WhatsApp,https://www.bbc.com/news/articles/cqxdj77welpo?at_medium=RSS&at_campaign=rss
62,starts limiting lyrics for free users,YouTube Music has restricted access to lyrics for free users.,YouTube Music restricts lyrics access for free users,6,Technology,YouTube Music starts limiting lyrics for free users,https://www.engadget.com/entertainment/music/youtube-music-starts-limiting-lyrics-for-free-users-101258311.html?src=rss
63,best,Apple AirTag accessories available for 2026.,Apple AirTag accessories available for 2026,6,Technology,The best Apple AirTag accessories for 2026,https://www.engadget.com/computing/accessories/best-apple-airtag-cases-holders-accessories-123036404.html?src=rss
64,Which model should you buy?,Apple has released various iPhone models for 2026.,Overview of iPhone models available in 2026,6,Technology,The best iPhones for 2026: Which model should you buy?,https://www.engadget.com/mobile/smartphones/best-iphone-160012979.html?src=rss
65,"How to watch the 2026 Super Bowl on NBC: Live updates on Patriots vs. Seahawks, where to stream Super Bowl LX, channel, start time, halftime show and more details","The 2026 Super Bowl will be held on February 8, 2026, featuring the Patriots and Seahawks.","2026 Super Bowl scheduled for February 8, 2026, featuring Patriots and Seahawks",8,Sports,"How to watch the 2026 Super Bowl on NBC: Live updates on Patriots vs. Seahawks, where to stream Super Bowl LX, channel, start time, halftime show and more details",https://www.engadget.com/entertainment/streaming/how-to-watch-the-2026-super-bowl-on-nbc-live-updates-on-patriots-vs-seahawks-where-to-stream-super-bowl-lx-channel-start-time-halftime-show-and-more-details-182758815.html?src=rss
66,How to stream the 2026 Super Bowl for free tonight,The 2026 Super Bowl will air on NBC and stream on Peacock.,2026 Super Bowl airs on NBC and streams on Peacock.,7,Sports,"How to stream the 2026 Super Bowl for free tonight: Patriots vs. Seahawks time, where to watch Super Bowl LX, start time, halftime show and more",https://www.engadget.com/entertainment/streaming/how-to-stream-the-2026-super-bowl-for-free-tonight-patriots-vs-seahawks-time-where-to-watch-super-bowl-lx-start-time-halftime-show-and-more-124512549.html?src=rss
67,budget-friendly phone for kids was designed with parental controls in mind,AT&T launched the AmiGO Jr. Phone with parental controls.,AT&T launches AmiGO Jr. Phone with parental controls.,6,Technology,AT&T's budget-friendly phone for kids was designed with parental controls in mind,https://www.engadget.com/mobile/smartphones/atts-budget-friendly-phone-for-kids-was-designed-with-parental-controls-in-mind-202200139.html?src=rss
68,now lets developers display the exact date,Steam has introduced a feature for developers to show the release date of Early Access games.,Steam introduces feature for developers to display Early Access release dates,4,Gaming,Steam now lets developers display the exact date of when their game leaves Early Access,https://www.engadget.com/gaming/pc/steam-now-lets-developers-display-the-exact-date-of-when-their-game-leaves-early-access-190413701.html?src=rss
69,New York lawmakers introduce bill that aims to halt,New York State Senators introduced a bill to pause data center permits for three years.,New York lawmakers introduce bill to pause data center permits for three years,6,Legislation,New York lawmakers introduce bill that aims to halt data center development for three years,https://www.engadget.com/big-tech/new-york-lawmakers-introduce-bill-that-aims-to-halt-data-center-development-for-three-years-224005266.html?src=rss
70,anticompetitive tactics,The DOJ is investigating Netflix's acquisition of Warner Bros. Discovery.,DOJ investigates Netflix's acquisition of Warner Bros. Discovery.,6,Business,DOJ is investigating if Netflix used anticompetitive tactics as part of its merger probe,https://www.engadget.com/entertainment/streaming/doj-is-investigating-if-netflix-used-anticompetitive-tactics-as-part-of-its-merger-probe-210940856.html?src=rss
71,scrubbing its X accounts of all posts from before Trump's second term,The State Department is removing posts from its X accounts prior to Trump's second term.,State Department removes pre-Trump second term posts from X accounts,6,Government,The State Department is scrubbing its X accounts of all posts from before Trump's second term,https://www.engadget.com/social-media/the-state-department-is-scrubbing-its-x-accounts-of-all-posts-from-before-trumps-second-term-205515745.html?src=rss
72,uglier and more expensive,Trump Mobile's T1 phone will have a new design and higher price.,Trump Mobile's T1 Phone Design and Pricing Changes Announced,7,Technology,"Trump Mobile’s T1 Phone is apparently still coming, but it’ll be uglier and more expensive",https://www.engadget.com/mobile/smartphones/trump-mobiles-t1-phone-is-apparently-still-coming-but-itll-be-uglier-and-more-expensive-190626835.html?src=rss
73,unearths N64 prototype colors,Analogue is releasing limited edition N64-inspired colorways for its 3D console.,Analogue announces limited edition N64-inspired colorways for 3D console.,6,Gaming,Analogue unearths N64 prototype colors for its limited edition 3D console,https://www.engadget.com/gaming/nintendo/analogue-unearths-n64-prototype-colors-for-its-limited-edition-3d-console-171923894.html?src=rss
74,is sending,NASA is launching Crew-12 astronauts to the ISS on February 11.,NASA to launch Crew-12 astronauts to ISS on February 11,4,Space,NASA is sending Crew-12 astronauts to the ISS on February 11,https://www.engadget.com/science/space/nasa-is-sending-crew-12-astronauts-to-the-iss-on-february-11-153000139.html?src=rss
75,How to,Apple Health allows users to track and analyze their sleep data.,Apple Health sleep tracking setup and data analysis guide,5,Technology,How to track your sleep and view your sleep data in Apple Health,https://www.engadget.com/mobile/smartphones/how-to-track-your-sleep-and-view-your-sleep-data-in-apple-health-130000023.html?src=rss
76,,Engadget reviews various new devices including Shokz OpenFit Pro and Sony A7 V.,"Engadget reviews Shokz OpenFit Pro, Nex Playground, and Sony A7 V",2,Technology,"Engadget review recap: Shokz OpenFit Pro, Nex Playground, Sony A7 V and more",https://www.engadget.com/engadget-review-recap-shokz-openfit-pro-nex-playground-sony-a7-v-and-more-123400089.html?src=rss
77,"meets football, the power of video editing and other new indie games worth checking out","A roundup of new indie games including Tackle for Loss and Trust Me, I Nailed It.","Roundup of new indie games including Tackle for Loss and Trust Me, I Nailed It.",6,Gaming,"Hotline Miami meets football, the power of video editing and other new indie games worth checking out",https://www.engadget.com/gaming/hotline-miami-meets-football-the-power-of-video-editing-and-other-new-indie-games-worth-checking-out-120000628.html?src=rss
78,The Crypto.com guy,"Kris Marszalek, CEO of Crypto.com, purchased the domain AI.com and a Super Bowl ad.",Kris Marszalek purchases AI.com and a Super Bowl advertisement.,6,Business,The Crypto.com guy bought AI.com (and a Super Bowl ad),https://www.engadget.com/ai/the-cryptocom-guy-bought-aicom-and-a-super-bowl-ad-234325394.html?src=rss
79,will reportedly allow,Apple plans to allow third-party voice-controlled AI apps in CarPlay,Apple to permit third-party AI assistants in CarPlay,6,Technology,Apple will reportedly allow third-party AI assistants in CarPlay,https://www.engadget.com/transportation/apple-will-reportedly-allow-third-party-ai-assistants-in-carplay-213432646.html?src=rss
80,loses access to,Disney+ subscribers in some European countries lost access to Dolby Vision,Disney+ subscribers in some European countries lose Dolby Vision access,6,Entertainment,Disney+ loses access to Dolby Vision in some European countries,https://www.engadget.com/entertainment/streaming/disney-loses-access-to-dolby-vision-in-some-european-countries-193930702.html?src=rss
81,absolutely devouring,A new trailer for The Super Mario Galaxy Movie has been released.,New trailer for The Super Mario Galaxy Movie released,6,Entertainment,The new trailer for The Super Mario Galaxy Movie shows Yoshi absolutely devouring a Magikoopa,https://www.engadget.com/entertainment/tv-movies/the-new-trailer-for-the-super-mario-galaxy-movie-shows-yoshi-absolutely-devouring-a-magikoopa-191807037.html?src=rss
82,,Noble Audio has released a USB-C Bluetooth dongle for high fidelity transmission.,Noble Audio releases USB-C Bluetooth dongle for audio transmission.,2,Technology,Noble Audio has released a USB-C Bluetooth dongle for high fidelity transmission,https://www.engadget.com/audio/noble-audio-has-released-a-usb-c-bluetooth-dongle-for-high-fidelity-transmission-191655786.html?src=rss
83,best,A review of live TV streaming services for 2026.,Review of live TV streaming services for 2026,6,Entertainment,The best live TV streaming services to cut cable in 2026,https://www.engadget.com/entertainment/streaming/best-live-tv-streaming-service-133000410.html?src=rss
84,best tech gifts,Affordable tech gifts from major brands are available for $100 or less.,Affordable tech gifts under $100 from major brands,6,Technology,"The best tech gifts for $100 or less from Apple, Nintendo, Google and others",https://www.engadget.com/computing/accessories/the-best-tech-gifts-for-100-or-less-from-apple-nintendo-google-and-others-130038608.html?src=rss
85,lets you swipe on songs to learn more about them,Spotify has introduced a feature called About the Song for users to learn more about songs.,Spotify introduces About the Song feature for users,6,Technology,Spotify now lets you swipe on songs to learn more about them,https://www.engadget.com/audio/spotify-now-lets-you-swipe-on-songs-to-learn-more-about-them-164558366.html?src=rss
86,Save $100,The Epson ET-2980 is discounted.,Epson ET-2980 printer available at a discounted price.,6,Consumer Electronics,Save $100 On Our Favorite Home Printer,https://www.wired.com/story/epson-et-2980-deal-226/
87,Best,A list of recommended ebike locks for 2026.,Recommended ebike locks for 2026.,4,Product Review,"Best Ebike Locks (2026): Kryptonite, Litelok, Abus, Hiplok",https://www.wired.com/gallery/best-electric-bike-locks/
88,With ANC?,Soundcore has released new open earbuds with noise-canceling features.,Soundcore Aerofit 2 Pro open earbuds feature noise cancellation.,6,Technology,Soundcore Aerofit 2 Pro Review: Open Earbuds With ANC?,https://www.wired.com/review/anker-soundcore-aerofit-2-pro/
89,No Company Has Admitted,Companies in New York have not disclosed job losses due to AI.,No disclosures of job losses due to AI in New York companies,6,Business,No Company Has Admitted to Replacing Workers With AI in New York,https://www.wired.com/story/no-company-has-admitted-to-replacing-workers-with-ai-in-new-york/
90,Scared Yet?,"The last major nuclear arms treaty between the US and Russia has expired, and experts discuss alternatives.",US-Russia Nuclear Arms Treaty Has Expired; Experts Discuss Alternatives,7,International Relations,AI Is Here to Replace Nuclear Treaties. Scared Yet?,https://www.wired.com/story/satellites-ai-nuclear-treaties/
91,A High Bar (and Price) for Hearing Aids,Oticon Zeal is a new model of hearing aids with advanced audio quality.,Oticon Zeal is a new model of hearing aids,6,Technology,Oticon Zeal Review: A High Bar (and Price) for Hearing Aids,https://www.wired.com/review/oticon-zeal/
92,Almost Complete,Iran is advancing its digital surveillance capabilities after years of strict measures.,Iran is developing its digital surveillance system.,6,Technology,Iran’s Digital Surveillance Machine Is Almost Complete,https://www.wired.com/story/irans-digital-surveillance-machine-is-almost-complete/
93,Sleeping Is Believing,The Bryte Balance Pro features adjustable coils and programmable massage settings.,Bryte Balance Pro Smart Mattress Features Adjustable Coils and Massage Settings,6,Product Review,Bryte Balance Pro Smart Mattress Review: Sleeping Is Believing,https://www.wired.com/review/bryte-balance-pro-smart-mattress/
94,Stop Laughing,General Galactic plans to test a water-based propellant this fall.,General Galactic to Test Water-Based Rocket Propellant This Fall,6,Technology,This Startup Thinks It Can Make Rocket Fuel From Water. Stop Laughing,https://www.wired.com/story/general-galactic-water-rocket-fuel-test/
95,Super Bowl Tailgate Photo Essay,Attendees shared their views on the Super Bowl pregame events.,Attendees discuss Super Bowl LX pregame festivities and related topics.,6,Sports,"Super Bowl Tailgate Photo Essay: Bad Bunny, Big Tech, and the Big Game",https://www.wired.com/story/super-bowl-lx-tailgate-photo-essay/
96,Exactly What You’d Expect,The All-American Halftime Show did not meet expectations.,All-American Halftime Show underperformed during Super Bowl.,6,Entertainment,Turning Point USA’s Halftime Show Was Exactly What You’d Expect,https://www.wired.com/story/turning-point-usas-halftime-show-was-exactly-what-youd-expect/
97,Best,A list of recommended wireless earbuds for 2026.,Recommended Wireless Earbuds for 2026,5,Technology,"Best Wireless Earbuds (2026): Apple, Sony, Bose, and More",https://www.wired.com/gallery/best-wirefree-earbuds/
98,Best AI Notetakers,A review of AI notetaking devices for 2026.,Review of AI Notetakers for 2026,4,Technology,"4 Best AI Notetakers (2026), Tested and Reviewed",https://www.wired.com/gallery/best-ai-notetakers/
99,and You Should Too,Open earbuds are useful for various activities like jogging and multitasking.,Open earbuds are useful for jogging and multitasking.,7,Technology,I Have Fallen in Love With Open Earbuds (and You Should Too),https://www.wired.com/story/why-open-earbuds-are-my-favorite-new-category/
100,Best Vacuum Cleaner (2026),A list of recommended vacuum cleaners in various styles.,Recommended Vacuum Cleaners for 2026,6,Product Review,"Best Vacuum Cleaner (2026): Cordless Vacuums, Robot Vacuums, Dysons",https://www.wired.com/gallery/best-vacuum-cleaner/
101,Would You Buy,Consumers can choose between a single expensive watch or multiple affordable watches.,Comparison of buying one luxury watch versus several affordable watches,6,Finance,"For $4,550, Would You Buy a Single Premium Watch or a Swarm of Affordable Ones?",https://www.wired.com/story/for-4550-would-you-buy-single-premium-watch-or-swarm-of-affordable-ones/
102,Hits the Mark,Target has released an automatic darts scoring system for online play.,Target Releases Automatic Darts Scoring System,6,Technology,Target Darts Omni Auto Scoring System Hits the Mark,https://www.wired.com/story/target-darts-omni-auto-scoring-system-rave/
103,Best,A review of website builders for 2026.,Review of website builders for 2026,5,Technology,"4 Best Website Builders (2026), Tested and Reviewed",https://www.wired.com/story/best-website-builders/
104,Big Discounts,Sony's QLED panels are available at lower prices this weekend.,Sony QLED panels discounted this weekend,6,Consumer Electronics,Sony's Biggest QLED Screens See Big Discounts This Weekend,https://www.wired.com/story/bravia-9-deal-226/
105,Our Cats Would Recommend,There are seven automatic litter boxes available in 2025.,Seven Automatic Litter Boxes Available in 2025,7,Pet Products,The 7 Best Automatic Litter Boxes (2025) Our Cats Would Recommend,https://www.wired.com/gallery/the-best-automatic-cat-litter-boxes/
106,What is the 'social media network for AI',Moltbook is a Reddit-like website that allows AI bots to communicate.,Moltbook is a website for AI bots to communicate.,6,Technology,What is the 'social media network for AI' Moltbook?,https://www.bbc.com/news/articles/c62n410w5yno?at_medium=RSS&at_campaign=rss
107,News of the Week,"Google's Pixel 10a is set to be released soon, and Valve has delayed its Steam hardware.",Google Pixel 10a release and Valve Steam hardware delay announced,4,Technology,"Gear News of the Week: Google's Pixel 10a Arrives Soon, and Valve Delays Its Steam Hardware",https://www.wired.com/story/gear-news-of-the-week-googles-pixel-10a-arrives-soon-and-valve-delays-its-steam-hardware/
108,An Even Better Action Camera,Insta360 has released a new accessory for the Ace Pro 2.,Insta360 releases accessory for Ace Pro 2 camera,6,Technology,Insta360 Ace Pro 2 Xplorer Grip Pro Kit Review: An Even Better Action Camera,https://www.wired.com/review/insta360-ace-pro-2-xplorer-grip-pro-kit/
109,7 Steps to Better Financial Health,Concrete steps to improve finances at the beginning of the year.,Steps to Improve Financial Health,6,Finance,7 Steps to Better Financial Health You Can Take Right Now,https://www.wired.com/story/your-annual-personal-finance-checklist/
110,‘Dragging’ Case May Help Expose Evidence,An unrelated case involving an ICE agent could reveal new information about Renee Good's shooting.,Unrelated ICE Agent Case May Reveal Details in Renee Good Shooting,6,Crime,ICE Agent’s ‘Dragging’ Case May Help Expose Evidence in Renee Good Shooting,https://www.wired.com/story/jonathan-ross-renee-good-roberto-carlos-munoz-guatemala/
111,Packed an Autism Panel With Cranks and Conspiracy Theorists,Robert F. Kennedy Jr. appointed controversial figures to a federal autism committee.,Robert F. Kennedy Jr. Appoints Members to Federal Autism Committee,7,Health,RFK Jr. Has Packed an Autism Panel With Cranks and Conspiracy Theorists,https://www.wired.com/story/rfk-jr-s-picks-for-a-key-autism-panel-include-advocates-for-bizarre-theories/
112,My Favorite TV to Watch the Winter Olympics Is on Sale,Samsung’s S90F QD-OLED TV is on sale.,Samsung S90F QD-OLED TV is on sale.,7,Sales,My Favorite TV to Watch the Winter Olympics Is on Sale,https://www.wired.com/story/samsung-s90f-qd-oled-tv-deal-226/
113,I Tried What US Athletes Will Be Sleeping on,Saatva is providing bedding for Team USA at the 2026 Olympics.,Saatva to Provide Bedding for Team USA at 2026 Olympics,6,Sports,I Tried What US Athletes Will Be Sleeping on at Milano Cortina,https://www.wired.com/story/saatvas-winter-olympic-sleep-bundle/
114,Best Food Gifts,A list of food gifts available for online purchase.,List of food gifts available for online purchase.,6,Food,"19 Best Food Gifts to Buy Online, as Tested by Our Tastebuds (2026)",https://www.wired.com/gallery/best-food-gifts/
115,AI Apocalypse,Anthropic's Claude is designed to help prevent AI-related disasters.,Anthropic's Claude aims to mitigate risks associated with AI development.,7,Technology,The Only Thing Standing Between Humanity and AI Apocalypse Is … Claude?,https://www.wired.com/story/the-only-thing-standing-between-humanity-and-ai-apocalypse-is-claude/
116,call for firm to cut ties,More than 900 Google employees signed a letter opposing company links to federal immigration actions.,Over 900 Google employees oppose company ties to ICE,6,Business,Google staff call for firm to cut ties with ICE,https://www.bbc.com/news/articles/cvgjg98vmzjo?at_medium=RSS&at_campaign=rss
117,The Best,"A review of 3-in-1 Apple charging stations for iPhone, Apple Watch, and AirPods.",Review of 3-in-1 Apple Charging Stations for 2026,5,Technology,"The Best 3-in-1 Apple Charging Stations (2026), Tested and Reviewed",https://www.wired.com/gallery/best-apple-3-in-1-wireless-chargers/
118,A Bundle of ID-Protecting Services,NordProtect offers a collection of privacy services.,NordProtect Review: Collection of Privacy Services,5,Technology,NordProtect (2026) Review: A Bundle of ID-Protecting Services,https://www.wired.com/review/nordprotect/
119,Hits a Rough Patch,"Waymo's robotaxi service faces regulatory challenges in Washington, DC.","Waymo's robotaxi service faces challenges in Washington, DC",6,Transportation,"Waymo Hits a Rough Patch In Washington, DC",https://www.wired.com/story/waymo-hits-a-rough-patch-in-washington-dc/
120,Why,The Artemis II crew is in quarantine to prevent microbes from traveling to space.,Artemis II Crew Undergoes Quarantine Before Moon Mission,6,Space Exploration,Why the Artemis II Crew Stays in Quarantine Before Their Journey to Moon,https://www.wired.com/story/why-the-artemis-ii-crew-stays-in-quarantine-before-their-journey-to-moon/
121,Why,A good dehumidifier can help manage dampness and temperature in homes.,Dehumidifiers can reduce dampness and improve home temperature.,6,Home Improvement,Why a Dehumidifier Is One of My Favorite Gadgets,https://www.wired.com/story/you-should-buy-a-dehumidifier/
122,Pushing the Limits of What’s Possible,Ilia Malinin landed a quad axel jump in 2022.,Ilia Malinin landed a quad axel jump at the 2022 Winter Olympics.,7,Sports,Figure Skaters at the 2026 Winter Olympics Are Pushing the Limits of What’s Possible,https://www.wired.com/story/figure-skating-2026-winter-olympics-pushing-the-limits/
123,Are Quitting Over Assignments to Guantánamo,Public health workers are resigning due to assignments at ICE detention centers.,Public Health Workers Resign Due to Assignments at ICE Detention Centers,7,Health,Public Health Workers Are Quitting Over Assignments to Guantánamo,https://www.wired.com/story/public-health-workers-are-quitting-over-assignments-to-guantanamo/
124,Will It Take Over the Olympics?,"Sports betting is increasing in popularity, with attention on the 2026 Winter Games.",Sports Betting Growth Observed Ahead of 2026 Winter Olympics,7,Sports,Sports Betting Is Skyrocketing. Will It Take Over the Olympics?,https://www.wired.com/story/sports-betting-2026-winter-olympics/
125,What Paralympic Athlete,Mike Schultz repairs his own prostheses before a competition.,Mike Schultz repairs prostheses before competitions,6,Sports,What Paralympic Athlete Monster Mike Schultz Packs for His Races,https://www.wired.com/story/mike-schultz-paralympian-snowboardcross-starter-pack/
126,Landmark,A case against Meta and Google regarding social media protections for kids is upcoming.,Case Against Meta and Google on Social Media Protections for Kids,6,Legal,A Landmark Social Media Addiction Case Puts Big Tech on Trial,https://www.wired.com/story/meta-google-youtube-social-media-addiction-trial/
127,Tested,Five popular tax services were evaluated for 2026.,Evaluation of Tax Services for 2026,5,Finance,Tax Services of 2026: TurboTax and H&R Block Tested,https://www.wired.com/gallery/best-tax-services/
128,Best,A review of slippers suitable for home use.,Review of Slippers for Home Use (2026),3,Product Review,Best Slippers for Working From Home or Relaxing (2026),https://www.wired.com/gallery/best-slippers/
129,What AI builders can learn,AI models can improve fraud detection speed and accuracy.,AI Models Enhance Fraud Detection Speed and Accuracy,6,Technology,What AI builders can learn from fraud models that run in 300 milliseconds,https://venturebeat.com/orchestration/what-ai-builders-can-learn-from-fraud-models-that-run-in-300-milliseconds
130,missing layer,Discussion on improving AI agent collaboration and collective intelligence.,Discussion on AI agent collaboration and collective intelligence,6,Technology,The missing layer between agent connectivity and true collaboration,https://venturebeat.com/orchestration/the-missing-layer-between-agent-connectivity-and-true-collaboration
131,actually a data delivery problem,"AI workloads are limited by data delivery issues, not GPU hardware.",AI workloads face data delivery challenges affecting GPU utilization.,6,Technology,AI's GPU problem is actually a data delivery problem,https://venturebeat.com/data/ais-gpu-problem-is-actually-a-data-delivery-problem
132,What the OpenClaw moment means for enterprises,OpenClaw represents a significant advancement in autonomous AI agents for enterprises.,OpenClaw marks advancement in autonomous AI agents for enterprises,6,Technology,What the OpenClaw moment means for enterprises: 5 big takeaways,https://venturebeat.com/technology/what-the-openclaw-moment-means-for-enterprises-5-big-takeaways
133,How recruitment fraud turned,Recruitment fraud is being used to compromise cloud identity and access management.,Recruitment fraud exploits cloud identity and access management vulnerabilities.,7,Cybersecurity,How recruitment fraud turned cloud IAM into a $2 billion attack surface,https://venturebeat.com/security/recruitment-fraud-cloud-iam-2-billion-attack-surface
134,2x faster than human experts,TTT-Discover optimizes GPU kernels during inference.,TTT-Discover optimizes GPU kernels during inference.,6,Technology,TTT-Discover optimizes GPU kernels 2x faster than human experts — by training during inference,https://venturebeat.com/infrastructure/ttt-discover-optimizes-gpu-kernels-2x-faster-than-human-experts-by-training
135,AI coding wars heat up ahead of Super Bowl ads,OpenAI released GPT-5.3-Codex and Anthropic upgraded Claude Opus 4.6.,OpenAI releases GPT-5.3-Codex; Anthropic upgrades Claude Opus 4.6.,7,Technology,OpenAI’s GPT-5.3-Codex drops as Anthropic upgrades Claude — AI coding wars heat up ahead of Super Bowl ads,https://venturebeat.com/technology/openais-gpt-5-3-codex-drops-as-anthropic-upgrades-claude-ai-coding-wars-heat
136,How does this affect politics?,AI chatbots can persuade users with false information.,Study finds AI chatbots can use false information to persuade users.,6,Technology,Tech Life,https://www.bbc.co.uk/sounds/play/w3ct6zpv?at_medium=RSS&at_campaign=rss
137,without the game's developers,Baldur's Gate is being adapted into a TV series by Craig Mazin.,Baldur's Gate TV series adaptation announced,5,Entertainment,Baldur's Gate to be turned into TV series - without the game's developers,https://www.bbc.com/news/articles/c24g457y534o?at_medium=RSS&at_campaign=rss
138,ordered to pay $8.5m over claim driver raped passenger,Uber has been ordered to pay $8.5 million in a legal case.,Uber ordered to pay $8.5 million in legal case,7,Legal,Uber ordered to pay $8.5m over claim driver raped passenger,https://www.bbc.com/news/articles/cq5y5w148p5o?at_medium=RSS&at_campaign=rss
139,massive fines,The EU has instructed TikTok to modify its design to reduce addiction.,EU instructs TikTok to change design to reduce addiction,6,Technology,TikTok told to change 'addictive design' by EU or face massive fines,https://www.bbc.com/news/articles/cr7j7n315lmo?at_medium=RSS&at_campaign=rss
140,lowest level since Trump took office,The price of Bitcoin has dropped significantly.,Bitcoin price decreases significantly,6,Finance,Bitcoin falls to lowest level since Trump took office,https://www.bbc.com/news/articles/cy09x24q0pro?at_medium=RSS&at_campaign=rss
141,ridiculed for online 'tantrum',Altman commented on a rival's Super Bowl ad,Altman comments on Anthropic's Super Bowl advertisement,7,Business,ChatGPT boss ridiculed for online 'tantrum' over rival's Super Bowl ad,https://www.bbc.com/news/articles/ce3edyx74jko?at_medium=RSS&at_campaign=rss
142,'hard decisions',UKRI is pausing new grants as directed by the government.,UK pauses new grants from £8bn research fund,6,Government,UK's £8bn research fund faces 'hard decisions' as it pauses new grants,https://www.bbc.com/news/articles/c8e50x1r237o?at_medium=RSS&at_campaign=rss
143,tackle China's critical minerals dominance,The US has launched a plan regarding critical minerals.,US launches plan regarding critical minerals,6,Politics,US launches plan to tackle China's critical minerals dominance,https://www.bbc.com/news/articles/c5y41r5rzrno?at_medium=RSS&at_campaign=rss
144,sacks engineers for tracking staff job cuts,Pinterest is reducing its workforce by approximately 15%.,Pinterest announces workforce reduction of approximately 15%.,6,Business,Pinterest sacks engineers for tracking staff job cuts,https://www.bbc.com/news/articles/cn0k670n0ydo?at_medium=RSS&at_campaign=rss
145,raided,X offices in France are being investigated alongside a UK investigation into Grok.,X offices in France investigated as UK looks into Grok,6,Business,X offices raided in France as UK opens fresh investigation into Grok,https://www.bbc.com/news/articles/ce3ex92557jo?at_medium=RSS&at_campaign=rss
146,bans hidden car door handles over safety concerns,China is the first country to stop the use of hidden car door handles.,China prohibits hidden car door handles for safety reasons,6,Automotive Safety,China bans hidden car door handles over safety concerns,https://www.bbc.com/news/articles/cp37g5nxe3lo?at_medium=RSS&at_campaign=rss
147,world's most valuable private company,Musk's SpaceX and xAI have merged and are valued at over $1 trillion.,SpaceX and xAI merge with a valuation exceeding $1 trillion,7,Business,Musk's SpaceX and xAI merge to make world's most valuable private company,https://www.bbc.com/news/articles/cq6vnrye06po?at_medium=RSS&at_campaign=rss
148,backlash is brewing,AI-generated content is prevalent on social media.,AI-generated content is increasing on social media platforms.,6,Technology,AI 'slop' is transforming social media - and a backlash is brewing,https://www.bbc.com/news/articles/c9wx2dz2v44o?at_medium=RSS&at_campaign=rss
149,will other sites follow suit?,Pornhub has restricted access for unregistered users in the UK.,Pornhub restricts access for unregistered users in the UK.,6,Internet/Technology,Pornhub is now restricting access for UK users - will other sites follow suit?,https://www.bbc.com/news/articles/cvg5er4ewg6o?at_medium=RSS&at_campaign=rss
150,Musk's SpaceX,SpaceX has applied to launch a large number of satellites.,SpaceX applies to launch one million satellites into orbit,6,Space/Technology,Musk's SpaceX applies to launch a million satellites into orbit,https://www.bbc.com/news/articles/cyv5l24mrjmo?at_medium=RSS&at_campaign=rss
151,best-ever,"Apple's revenue increased due to iPhone sales, while Mac sales declined.",Apple reports increased iPhone sales and decreased Mac sales,6,Business,Apple reports best-ever iPhone sales as Mac dips,https://www.bbc.com/news/articles/cy8yw190q83o?at_medium=RSS&at_campaign=rss
152,calls me sweetheart and winks at me,An AI avatar named George interacts with a user.,AI avatar named George interacts with a user.,7,Technology,"He calls me sweetheart and winks at me - but he's not my boyfriend, he's AI",https://www.bbc.com/news/articles/c62njv82n0wo?at_medium=RSS&at_campaign=rss
153,nearly double AI spending,Meta plans to increase its AI spending significantly.,Meta to increase AI spending,6,Business,Facebook-owner Meta to nearly double AI spending,https://www.bbc.com/news/articles/cn8jkyk78gno?at_medium=RSS&at_campaign=rss
154,cuts car models in shift to robots and AI,Tesla's annual revenue has fallen for the first time.,Tesla reports first annual revenue decline and reduces car models.,6,Business,Tesla cuts car models in shift to robots and AI,https://www.bbc.com/news/articles/c620177qdg5o?at_medium=RSS&at_campaign=rss
155,implying crypto can ease cost of living concerns,The ASA upheld complaints against Coinbase's adverts for trivializing investment risks.,UK bans Coinbase advertisements for trivializing cryptocurrency investment risks,6,Finance,UK bans Coinbase ads implying crypto can ease cost of living concerns,https://www.bbc.com/news/articles/cx2yv31482vo?at_medium=RSS&at_campaign=rss
156,accidental email,"Amazon confirmed it will cut 16,000 jobs.","Amazon announces 16,000 job cuts",6,Business,"Amazon confirms 16,000 job cuts after accidental email",https://www.bbc.com/news/articles/cx2ywzxlxnlo?at_medium=RSS&at_campaign=rss
157,free AI training for work,The government is providing online AI training for UK adults.,Government provides online AI training for UK adults,4,Education,Government offers UK adults free AI training for work,https://www.bbc.com/news/articles/cp37prvp072o?at_medium=RSS&at_campaign=rss
158,claims it is censoring content,TikTok US is responding to allegations of content suppression.,TikTok US addresses allegations of content suppression,6,Media,TikTok US pushes back on claims it is censoring content,https://www.bbc.com/news/articles/ckgjedpn8p8o?at_medium=RSS&at_campaign=rss
159,victors and carnage,Cisco CEO compares AI to the dotcom bubble.,Cisco CEO compares AI to the dotcom bubble.,6,Technology,"AI boom will produce victors and carnage, tech boss warns",https://www.bbc.com/news/articles/cr57p2ve8glo?at_medium=RSS&at_campaign=rss
160,not for everyone,Iran cut off internet access on 8 January following a government crackdown on protesters.,Iran restores partial internet access after January 8 shutdown,6,Technology,Iran's internet is returning - but not for everyone,https://www.bbc.com/news/articles/cz7y2ddgl23o?at_medium=RSS&at_campaign=rss
161,How would,Discussion on social media ban for individuals under 16,Discussion on social media ban for individuals under 16,4,Technology,How would a social media ban for under-16s work?,https://www.bbc.com/news/videos/cx2yep7l2j2o?at_medium=RSS&at_campaign=rss
162,Cool future tech,Latest trends and innovations at CES 2026 in Las Vegas.,Trends and innovations presented at CES 2026 in Las Vegas.,1,Technology,Tech Now,https://www.bbc.co.uk/iplayer/episode/m002qbkc?at_medium=RSS&at_campaign=rss
163,where the name comes from,Jimmy Wales discusses Wikipedia's origins with the BBC.,Jimmy Wales discusses the origins of Wikipedia with the BBC.,5,Technology,Wikipedia's Jimmy Wales on where the name comes from,https://www.bbc.com/news/videos/cql4076kyzeo?at_medium=RSS&at_campaign=rss
164,Tech Life,Humanoid robots are designed to assist with household chores.,Humanoid robots designed for household chores,5,Technology,Tech Life,https://www.bbc.co.uk/sounds/play/w3ct6zpz?at_medium=RSS&at_campaign=rss
165,Backlash against Musk's Grok AI,The UK government criticized changes to Grok AI image edits by X.,UK government criticizes changes to Grok AI image edits by X,6,Technology,Watch: Backlash against Musk's Grok AI explained,https://www.bbc.com/news/videos/c8x94zr8yxvo?at_medium=RSS&at_campaign=rss
166,,"Latest gadgets, assistive tech, and gaming releases in 2026.",Overview of upcoming technology and gaming in 2026,1,Technology,Tech Life,https://www.bbc.co.uk/sounds/play/w3ct6zpy?at_medium=RSS&at_campaign=rss
167,Watch:,Retailers are using AI technology to combat shoplifting.,Retailers implement AI technology to address shoplifting.,6,Technology,Watch: BBC reporter tests AI anti-shoplifting tech,https://www.bbc.com/news/videos/c98p1jg3p58o?at_medium=RSS&at_campaign=rss
168,Fascinating year in global tech,Highlights from the year in global technology,Highlights from the year in global technology,6,Technology,Tech Life,https://www.bbc.co.uk/sounds/play/w3ct6zpx?at_medium=RSS&at_campaign=rss
169,Can robots ever be graceful?,Firms are working to make robot motors more efficient and cheaper.,Firms are improving efficiency and cost of robot motors.,6,Technology,Can robots ever be graceful?,https://www.bbc.com/news/articles/c5y46356zzyo?at_medium=RSS&at_campaign=rss
